id,dataset,person_id,cloth_id
THuman2.0_processed/0000,thuman,0,0
THuman2.0_processed/0001,thuman,0,1
THuman2.0_processed/0002,thuman,1,2
THuman2.0_processed/0003,thuman,1,2
THuman2.0_processed/0004,thuman,1,2
THuman2.0_processed/0005,thuman,1,3
THuman2.0_processed/0006,thuman,1,2
THuman2.0_processed/0007,thuman,1,3
THuman2.0_processed/0008,thuman,2,4
THuman2.0_processed/0009,thuman,2,5
THuman2.0_processed/0010,thuman,2,5
THuman2.0_processed/0011,thuman,3,6
THuman2.0_processed/0012,thuman,3,6
THuman2.0_processed/0013,thuman,4,7
THuman2.0_processed/0014,thuman,4,7
THuman2.0_processed/0015,thuman,4,7
THuman2.0_processed/0016,thuman,4,8
THuman2.0_processed/0017,thuman,4,8
THuman2.0_processed/0018,thuman,4,8
THuman2.0_processed/0019,thuman,5,9
THuman2.0_processed/0020,thuman,5,9
THuman2.0_processed/0021,thuman,5,10
THuman2.0_processed/0022,thuman,5,10
THuman2.0_processed/0023,thuman,5,11
THuman2.0_processed/0024,thuman,5,11
THuman2.0_processed/0025,thuman,3,12
THuman2.0_processed/0026,thuman,3,12
THuman2.0_processed/0027,thuman,6,13
THuman2.0_processed/0028,thuman,6,13
THuman2.0_processed/0029,thuman,6,14
THuman2.0_processed/0030,thuman,6,14
THuman2.0_processed/0031,thuman,7,15
THuman2.0_processed/0032,thuman,7,15
THuman2.0_processed/0033,thuman,7,15
THuman2.0_processed/0034,thuman,7,16
THuman2.0_processed/0035,thuman,7,16
THuman2.0_processed/0036,thuman,7,17
THuman2.0_processed/0037,thuman,8,18
THuman2.0_processed/0038,thuman,8,19
THuman2.0_processed/0039,thuman,8,19
THuman2.0_processed/0040,thuman,8,18
THuman2.0_processed/0041,thuman,9,20
THuman2.0_processed/0042,thuman,9,20
THuman2.0_processed/0043,thuman,9,21
THuman2.0_processed/0044,thuman,9,21
THuman2.0_processed/0045,thuman,9,20
THuman2.0_processed/0046,thuman,9,20
THuman2.0_processed/0047,thuman,10,22
THuman2.0_processed/0048,thuman,10,22
THuman2.0_processed/0049,thuman,10,23
THuman2.0_processed/0050,thuman,11,24
THuman2.0_processed/0051,thuman,11,25
THuman2.0_processed/0052,thuman,11,25
THuman2.0_processed/0053,thuman,11,24
THuman2.0_processed/0054,thuman,11,24
THuman2.0_processed/0055,thuman,12,26
THuman2.0_processed/0056,thuman,12,26
THuman2.0_processed/0057,thuman,12,27
THuman2.0_processed/0058,thuman,13,28
THuman2.0_processed/0059,thuman,13,28
THuman2.0_processed/0060,thuman,13,29
THuman2.0_processed/0061,thuman,13,29
THuman2.0_processed/0062,thuman,14,30
THuman2.0_processed/0063,thuman,14,30
THuman2.0_processed/0064,thuman,14,30
THuman2.0_processed/0065,thuman,14,31
THuman2.0_processed/0066,thuman,14,31
THuman2.0_processed/0067,thuman,15,32
THuman2.0_processed/0068,thuman,15,32
THuman2.0_processed/0069,thuman,15,33
THuman2.0_processed/0070,thuman,15,33
THuman2.0_processed/0071,thuman,15,32
THuman2.0_processed/0072,thuman,15,33
THuman2.0_processed/0073,thuman,15,32
THuman2.0_processed/0074,thuman,15,34
THuman2.0_processed/0075,thuman,15,34
THuman2.0_processed/0076,thuman,15,32
THuman2.0_processed/0077,thuman,15,34
THuman2.0_processed/0078,thuman,15,34
THuman2.0_processed/0079,thuman,15,34
THuman2.0_processed/0080,thuman,15,32
THuman2.0_processed/0081,thuman,16,35
THuman2.0_processed/0082,thuman,16,35
THuman2.0_processed/0083,thuman,16,35
THuman2.0_processed/0084,thuman,16,35
THuman2.0_processed/0085,thuman,16,35
THuman2.0_processed/0086,thuman,16,36
THuman2.0_processed/0087,thuman,16,36
THuman2.0_processed/0088,thuman,16,36
THuman2.0_processed/0089,thuman,16,36
THuman2.0_processed/0090,thuman,16,35
THuman2.0_processed/0091,thuman,16,37
THuman2.0_processed/0092,thuman,16,37
THuman2.0_processed/0093,thuman,16,37
THuman2.0_processed/0094,thuman,17,38
THuman2.0_processed/0095,thuman,17,38
THuman2.0_processed/0096,thuman,17,39
THuman2.0_processed/0097,thuman,17,39
THuman2.0_processed/0098,thuman,18,40
THuman2.0_processed/0099,thuman,18,41
THuman2.0_processed/0100,thuman,18,41
THuman2.0_processed/0101,thuman,18,40
THuman2.0_processed/0102,thuman,19,42
THuman2.0_processed/0103,thuman,19,43
THuman2.0_processed/0104,thuman,19,43
THuman2.0_processed/0105,thuman,19,42
THuman2.0_processed/0106,thuman,19,43
THuman2.0_processed/0107,thuman,19,43
THuman2.0_processed/0108,thuman,19,42
THuman2.0_processed/0109,thuman,20,44
THuman2.0_processed/0110,thuman,20,45
THuman2.0_processed/0111,thuman,20,45
THuman2.0_processed/0112,thuman,20,45
THuman2.0_processed/0113,thuman,20,44
THuman2.0_processed/0114,thuman,21,46
THuman2.0_processed/0115,thuman,21,47
THuman2.0_processed/0116,thuman,21,47
THuman2.0_processed/0117,thuman,21,48
THuman2.0_processed/0118,thuman,21,48
THuman2.0_processed/0119,thuman,21,46
THuman2.0_processed/0120,thuman,22,49
THuman2.0_processed/0121,thuman,22,49
THuman2.0_processed/0122,thuman,22,50
THuman2.0_processed/0123,thuman,22,51
THuman2.0_processed/0124,thuman,22,51
THuman2.0_processed/0125,thuman,23,52
THuman2.0_processed/0126,thuman,23,53
THuman2.0_processed/0127,thuman,23,53
THuman2.0_processed/0128,thuman,23,52
THuman2.0_processed/0129,thuman,23,54
THuman2.0_processed/0130,thuman,23,54
THuman2.0_processed/0131,thuman,24,55
THuman2.0_processed/0132,thuman,24,55
THuman2.0_processed/0133,thuman,24,56
THuman2.0_processed/0134,thuman,24,56
THuman2.0_processed/0135,thuman,24,56
THuman2.0_processed/0136,thuman,25,57
THuman2.0_processed/0137,thuman,25,57
THuman2.0_processed/0138,thuman,25,58
THuman2.0_processed/0139,thuman,25,58
THuman2.0_processed/0140,thuman,25,59
THuman2.0_processed/0141,thuman,26,60
THuman2.0_processed/0142,thuman,26,60
THuman2.0_processed/0143,thuman,26,61
THuman2.0_processed/0144,thuman,26,61
THuman2.0_processed/0145,thuman,26,62
THuman2.0_processed/0146,thuman,27,63
THuman2.0_processed/0147,thuman,27,63
THuman2.0_processed/0148,thuman,27,63
THuman2.0_processed/0149,thuman,27,63
THuman2.0_processed/0150,thuman,27,64
THuman2.0_processed/0151,thuman,27,64
THuman2.0_processed/0152,thuman,27,63
THuman2.0_processed/0153,thuman,27,64
THuman2.0_processed/0154,thuman,27,64
THuman2.0_processed/0155,thuman,27,64
THuman2.0_processed/0156,thuman,27,64
THuman2.0_processed/0157,thuman,27,65
THuman2.0_processed/0158,thuman,27,65
THuman2.0_processed/0159,thuman,27,65
THuman2.0_processed/0160,thuman,27,65
THuman2.0_processed/0161,thuman,28,66
THuman2.0_processed/0162,thuman,28,66
THuman2.0_processed/0163,thuman,28,67
THuman2.0_processed/0164,thuman,28,67
THuman2.0_processed/0165,thuman,29,68
THuman2.0_processed/0166,thuman,29,69
THuman2.0_processed/0167,thuman,29,69
THuman2.0_processed/0168,thuman,30,70
THuman2.0_processed/0169,thuman,30,70
THuman2.0_processed/0170,thuman,30,71
THuman2.0_processed/0171,thuman,30,71
THuman2.0_processed/0172,thuman,30,70
THuman2.0_processed/0173,thuman,30,71
THuman2.0_processed/0174,thuman,31,72
THuman2.0_processed/0175,thuman,31,72
THuman2.0_processed/0176,thuman,31,73
THuman2.0_processed/0177,thuman,31,74
THuman2.0_processed/0178,thuman,31,74
THuman2.0_processed/0179,thuman,32,75
THuman2.0_processed/0180,thuman,32,75
THuman2.0_processed/0181,thuman,32,76
THuman2.0_processed/0182,thuman,32,76
THuman2.0_processed/0183,thuman,32,77
THuman2.0_processed/0184,thuman,32,77
THuman2.0_processed/0185,thuman,33,78
THuman2.0_processed/0186,thuman,33,78
THuman2.0_processed/0187,thuman,33,79
THuman2.0_processed/0188,thuman,33,80
THuman2.0_processed/0189,thuman,33,80
THuman2.0_processed/0190,thuman,34,81
THuman2.0_processed/0191,thuman,34,81
THuman2.0_processed/0192,thuman,34,82
THuman2.0_processed/0193,thuman,34,82
THuman2.0_processed/0194,thuman,34,83
THuman2.0_processed/0195,thuman,35,84
THuman2.0_processed/0196,thuman,35,84
THuman2.0_processed/0197,thuman,35,85
THuman2.0_processed/0198,thuman,35,85
THuman2.0_processed/0199,thuman,35,86
THuman2.0_processed/0200,thuman,35,86
THuman2.0_processed/0201,thuman,35,84
THuman2.0_processed/0202,thuman,36,87
THuman2.0_processed/0203,thuman,36,87
THuman2.0_processed/0204,thuman,36,88
THuman2.0_processed/0205,thuman,36,88
THuman2.0_processed/0206,thuman,36,88
THuman2.0_processed/0207,thuman,37,89
THuman2.0_processed/0208,thuman,37,89
THuman2.0_processed/0209,thuman,37,89
THuman2.0_processed/0210,thuman,37,90
THuman2.0_processed/0211,thuman,37,90
THuman2.0_processed/0212,thuman,37,89
THuman2.0_processed/0213,thuman,37,91
THuman2.0_processed/0214,thuman,37,91
THuman2.0_processed/0215,thuman,38,92
THuman2.0_processed/0216,thuman,38,93
THuman2.0_processed/0217,thuman,38,93
THuman2.0_processed/0218,thuman,38,94
THuman2.0_processed/0219,thuman,38,94
THuman2.0_processed/0220,thuman,39,95
THuman2.0_processed/0221,thuman,39,95
THuman2.0_processed/0222,thuman,39,95
THuman2.0_processed/0223,thuman,39,95
THuman2.0_processed/0224,thuman,39,96
THuman2.0_processed/0225,thuman,39,96
THuman2.0_processed/0226,thuman,39,96
THuman2.0_processed/0227,thuman,39,97
THuman2.0_processed/0228,thuman,39,97
THuman2.0_processed/0229,thuman,39,98
THuman2.0_processed/0230,thuman,39,98
THuman2.0_processed/0231,thuman,39,98
THuman2.0_processed/0232,thuman,40,99
THuman2.0_processed/0233,thuman,40,99
THuman2.0_processed/0234,thuman,40,100
THuman2.0_processed/0235,thuman,40,100
THuman2.0_processed/0236,thuman,40,101
THuman2.0_processed/0237,thuman,40,101
THuman2.0_processed/0238,thuman,41,102
THuman2.0_processed/0239,thuman,41,102
THuman2.0_processed/0240,thuman,41,103
THuman2.0_processed/0241,thuman,41,102
THuman2.0_processed/0242,thuman,41,104
THuman2.0_processed/0243,thuman,41,104
THuman2.0_processed/0244,thuman,41,104
THuman2.0_processed/0245,thuman,42,105
THuman2.0_processed/0246,thuman,42,105
THuman2.0_processed/0247,thuman,42,105
THuman2.0_processed/0248,thuman,42,105
THuman2.0_processed/0249,thuman,42,106
THuman2.0_processed/0250,thuman,42,105
THuman2.0_processed/0251,thuman,42,106
THuman2.0_processed/0252,thuman,42,106
THuman2.0_processed/0253,thuman,42,106
THuman2.0_processed/0254,thuman,42,106
THuman2.0_processed/0255,thuman,42,106
THuman2.0_processed/0256,thuman,42,107
THuman2.0_processed/0257,thuman,42,107
THuman2.0_processed/0258,thuman,42,107
THuman2.0_processed/0259,thuman,42,108
THuman2.0_processed/0260,thuman,42,108
THuman2.0_processed/0261,thuman,42,105
THuman2.0_processed/0262,thuman,43,109
THuman2.0_processed/0263,thuman,43,110
THuman2.0_processed/0264,thuman,43,110
THuman2.0_processed/0265,thuman,43,110
THuman2.0_processed/0266,thuman,43,111
THuman2.0_processed/0267,thuman,43,112
THuman2.0_processed/0268,thuman,43,112
THuman2.0_processed/0269,thuman,43,112
THuman2.0_processed/0270,thuman,43,109
THuman2.0_processed/0271,thuman,44,113
THuman2.0_processed/0272,thuman,44,114
THuman2.0_processed/0273,thuman,44,114
THuman2.0_processed/0274,thuman,44,113
THuman2.0_processed/0275,thuman,44,115
THuman2.0_processed/0276,thuman,44,115
THuman2.0_processed/0277,thuman,44,113
THuman2.0_processed/0278,thuman,44,113
THuman2.0_processed/0279,thuman,45,116
THuman2.0_processed/0280,thuman,45,117
THuman2.0_processed/0281,thuman,45,116
THuman2.0_processed/0282,thuman,45,117
THuman2.0_processed/0283,thuman,45,116
THuman2.0_processed/0284,thuman,46,118
THuman2.0_processed/0285,thuman,46,118
THuman2.0_processed/0286,thuman,46,119
THuman2.0_processed/0287,thuman,46,119
THuman2.0_processed/0288,thuman,46,120
THuman2.0_processed/0289,thuman,47,121
THuman2.0_processed/0290,thuman,47,122
THuman2.0_processed/0291,thuman,47,122
THuman2.0_processed/0292,thuman,47,123
THuman2.0_processed/0293,thuman,47,123
THuman2.0_processed/0294,thuman,47,121
THuman2.0_processed/0295,thuman,48,124
THuman2.0_processed/0296,thuman,48,125
THuman2.0_processed/0297,thuman,48,124
THuman2.0_processed/0298,thuman,48,125
THuman2.0_processed/0299,thuman,48,125
THuman2.0_processed/0300,thuman,49,126
THuman2.0_processed/0301,thuman,49,126
THuman2.0_processed/0302,thuman,49,127
THuman2.0_processed/0303,thuman,49,126
THuman2.0_processed/0304,thuman,50,128
THuman2.0_processed/0305,thuman,50,128
THuman2.0_processed/0306,thuman,50,128
THuman2.0_processed/0307,thuman,50,128
THuman2.0_processed/0308,thuman,50,129
THuman2.0_processed/0309,thuman,50,129
THuman2.0_processed/0310,thuman,50,129
THuman2.0_processed/0311,thuman,51,130
THuman2.0_processed/0312,thuman,51,130
THuman2.0_processed/0313,thuman,51,130
THuman2.0_processed/0314,thuman,51,131
THuman2.0_processed/0315,thuman,51,132
THuman2.0_processed/0316,thuman,51,131
THuman2.0_processed/0317,thuman,51,131
THuman2.0_processed/0318,thuman,51,132
THuman2.0_processed/0319,thuman,51,132
THuman2.0_processed/0320,thuman,52,133
THuman2.0_processed/0321,thuman,52,133
THuman2.0_processed/0322,thuman,52,134
THuman2.0_processed/0323,thuman,52,134
THuman2.0_processed/0324,thuman,52,135
THuman2.0_processed/0325,thuman,52,135
THuman2.0_processed/0326,thuman,53,136
THuman2.0_processed/0327,thuman,53,136
THuman2.0_processed/0328,thuman,54,137
THuman2.0_processed/0329,thuman,54,137
THuman2.0_processed/0330,thuman,54,138
THuman2.0_processed/0331,thuman,54,139
THuman2.0_processed/0332,thuman,55,140
THuman2.0_processed/0333,thuman,55,140
THuman2.0_processed/0334,thuman,55,140
THuman2.0_processed/0335,thuman,55,141
THuman2.0_processed/0336,thuman,55,142
THuman2.0_processed/0337,thuman,56,143
THuman2.0_processed/0338,thuman,56,143
THuman2.0_processed/0339,thuman,56,144
THuman2.0_processed/0340,thuman,57,145
THuman2.0_processed/0341,thuman,57,145
THuman2.0_processed/0342,thuman,57,146
THuman2.0_processed/0343,thuman,57,146
THuman2.0_processed/0344,thuman,57,146
THuman2.0_processed/0345,thuman,58,147
THuman2.0_processed/0346,thuman,58,147
THuman2.0_processed/0347,thuman,58,148
THuman2.0_processed/0348,thuman,58,148
THuman2.0_processed/0349,thuman,59,149
THuman2.0_processed/0350,thuman,59,149
THuman2.0_processed/0351,thuman,59,149
THuman2.0_processed/0352,thuman,59,150
THuman2.0_processed/0353,thuman,60,151
THuman2.0_processed/0354,thuman,60,151
THuman2.0_processed/0355,thuman,60,152
THuman2.0_processed/0356,thuman,60,152
THuman2.0_processed/0357,thuman,61,153
THuman2.0_processed/0358,thuman,61,153
THuman2.0_processed/0359,thuman,61,154
THuman2.0_processed/0360,thuman,61,154
THuman2.0_processed/0361,thuman,62,155
THuman2.0_processed/0362,thuman,62,155
THuman2.0_processed/0363,thuman,62,156
THuman2.0_processed/0364,thuman,62,156
THuman2.0_processed/0365,thuman,63,157
THuman2.0_processed/0366,thuman,63,157
THuman2.0_processed/0367,thuman,63,158
THuman2.0_processed/0368,thuman,63,158
THuman2.0_processed/0369,thuman,63,158
THuman2.0_processed/0370,thuman,64,159
THuman2.0_processed/0371,thuman,64,159
THuman2.0_processed/0372,thuman,64,160
THuman2.0_processed/0373,thuman,64,160
THuman2.0_processed/0374,thuman,65,161
THuman2.0_processed/0375,thuman,65,161
THuman2.0_processed/0376,thuman,65,161
THuman2.0_processed/0377,thuman,65,162
THuman2.0_processed/0378,thuman,66,163
THuman2.0_processed/0379,thuman,66,163
THuman2.0_processed/0380,thuman,66,163
THuman2.0_processed/0381,thuman,66,164
THuman2.0_processed/0382,thuman,66,164
THuman2.0_processed/0383,thuman,66,164
THuman2.0_processed/0384,thuman,67,165
THuman2.0_processed/0385,thuman,67,165
THuman2.0_processed/0386,thuman,67,165
THuman2.0_processed/0387,thuman,67,166
THuman2.0_processed/0388,thuman,67,166
THuman2.0_processed/0389,thuman,68,167
THuman2.0_processed/0390,thuman,68,168
THuman2.0_processed/0391,thuman,68,168
THuman2.0_processed/0392,thuman,68,168
THuman2.0_processed/0393,thuman,69,169
THuman2.0_processed/0394,thuman,69,170
THuman2.0_processed/0395,thuman,69,170
THuman2.0_processed/0396,thuman,69,170
THuman2.0_processed/0397,thuman,70,171
THuman2.0_processed/0398,thuman,70,172
THuman2.0_processed/0399,thuman,70,172
THuman2.0_processed/0400,thuman,71,173
THuman2.0_processed/0401,thuman,71,173
THuman2.0_processed/0402,thuman,71,174
THuman2.0_processed/0403,thuman,71,174
THuman2.0_processed/0404,thuman,72,175
THuman2.0_processed/0405,thuman,72,176
THuman2.0_processed/0406,thuman,73,177
THuman2.0_processed/0407,thuman,73,177
THuman2.0_processed/0408,thuman,73,178
THuman2.0_processed/0409,thuman,73,178
THuman2.0_processed/0410,thuman,74,179
THuman2.0_processed/0411,thuman,74,179
THuman2.0_processed/0412,thuman,74,180
THuman2.0_processed/0413,thuman,75,181
THuman2.0_processed/0414,thuman,75,181
THuman2.0_processed/0415,thuman,75,182
THuman2.0_processed/0416,thuman,75,182
THuman2.0_processed/0417,thuman,76,183
THuman2.0_processed/0418,thuman,76,183
THuman2.0_processed/0419,thuman,76,184
THuman2.0_processed/0420,thuman,76,184
THuman2.0_processed/0421,thuman,77,185
THuman2.0_processed/0422,thuman,77,186
THuman2.0_processed/0423,thuman,78,187
THuman2.0_processed/0424,thuman,78,188
THuman2.0_processed/0425,thuman,78,188
THuman2.0_processed/0426,thuman,78,187
THuman2.0_processed/0427,thuman,79,189
THuman2.0_processed/0428,thuman,79,189
THuman2.0_processed/0429,thuman,79,190
THuman2.0_processed/0430,thuman,80,191
THuman2.0_processed/0431,thuman,80,191
THuman2.0_processed/0432,thuman,80,192
THuman2.0_processed/0433,thuman,80,192
THuman2.0_processed/0434,thuman,80,191
THuman2.0_processed/0435,thuman,81,193
THuman2.0_processed/0436,thuman,81,193
THuman2.0_processed/0437,thuman,81,193
THuman2.0_processed/0438,thuman,81,194
THuman2.0_processed/0439,thuman,82,195
THuman2.0_processed/0440,thuman,82,196
THuman2.0_processed/0441,thuman,82,195
THuman2.0_processed/0442,thuman,83,197
THuman2.0_processed/0443,thuman,83,198
THuman2.0_processed/0444,thuman,83,198
THuman2.0_processed/0445,thuman,83,197
THuman2.0_processed/0446,thuman,84,199
THuman2.0_processed/0447,thuman,84,200
THuman2.0_processed/0448,thuman,84,200
THuman2.0_processed/0449,thuman,84,199
THuman2.0_processed/0450,thuman,85,201
THuman2.0_processed/0451,thuman,85,202
THuman2.0_processed/0452,thuman,85,201
THuman2.0_processed/0453,thuman,85,202
THuman2.0_processed/0454,thuman,85,201
THuman2.0_processed/0455,thuman,86,203
THuman2.0_processed/0456,thuman,86,203
THuman2.0_processed/0457,thuman,87,204
THuman2.0_processed/0458,thuman,87,205
THuman2.0_processed/0459,thuman,87,204
THuman2.0_processed/0460,thuman,87,205
THuman2.0_processed/0461,thuman,88,206
THuman2.0_processed/0462,thuman,88,206
THuman2.0_processed/0463,thuman,88,207
THuman2.0_processed/0464,thuman,89,208
THuman2.0_processed/0465,thuman,89,208
THuman2.0_processed/0466,thuman,89,208
THuman2.0_processed/0467,thuman,89,208
THuman2.0_processed/0468,thuman,89,209
THuman2.0_processed/0469,thuman,89,209
THuman2.0_processed/0470,thuman,90,210
THuman2.0_processed/0471,thuman,90,211
THuman2.0_processed/0472,thuman,90,211
THuman2.0_processed/0473,thuman,91,212
THuman2.0_processed/0474,thuman,91,212
THuman2.0_processed/0475,thuman,91,212
THuman2.0_processed/0476,thuman,91,213
THuman2.0_processed/0477,thuman,91,213
THuman2.0_processed/0478,thuman,92,214
THuman2.0_processed/0479,thuman,92,215
THuman2.0_processed/0480,thuman,92,215
THuman2.0_processed/0481,thuman,93,216
THuman2.0_processed/0482,thuman,93,217
THuman2.0_processed/0483,thuman,93,217
THuman2.0_processed/0484,thuman,94,218
THuman2.0_processed/0485,thuman,94,218
THuman2.0_processed/0486,thuman,94,219
THuman2.0_processed/0487,thuman,95,220
THuman2.0_processed/0488,thuman,95,220
THuman2.0_processed/0489,thuman,95,221
THuman2.0_processed/0490,thuman,95,221
THuman2.0_processed/0491,thuman,95,221
THuman2.0_processed/0492,thuman,96,222
THuman2.0_processed/0493,thuman,96,223
THuman2.0_processed/0494,thuman,96,222
THuman2.0_processed/0495,thuman,97,224
THuman2.0_processed/0496,thuman,97,224
THuman2.0_processed/0497,thuman,97,225
THuman2.0_processed/0498,thuman,97,225
THuman2.0_processed/0499,thuman,98,226
THuman2.0_processed/0500,thuman,98,227
THuman2.0_processed/0501,thuman,99,228
THuman2.0_processed/0502,thuman,99,229
THuman2.0_processed/0503,thuman,99,229
THuman2.0_processed/0504,thuman,99,229
THuman2.0_processed/0505,thuman,99,230
THuman2.0_processed/0506,thuman,100,231
THuman2.0_processed/0507,thuman,100,231
THuman2.0_processed/0508,thuman,100,232
THuman2.0_processed/0509,thuman,100,232
THuman2.0_processed/0510,thuman,101,233
THuman2.0_processed/0511,thuman,101,233
THuman2.0_processed/0512,thuman,101,234
THuman2.0_processed/0513,thuman,102,235
THuman2.0_processed/0514,thuman,102,236
THuman2.0_processed/0515,thuman,103,237
THuman2.0_processed/0516,thuman,103,237
THuman2.0_processed/0517,thuman,103,237
THuman2.0_processed/0518,thuman,103,237
THuman2.0_processed/0519,thuman,103,238
THuman2.0_processed/0520,thuman,103,238
THuman2.0_processed/0521,thuman,103,238
THuman2.0_processed/0522,thuman,104,239
THuman2.0_processed/0523,thuman,104,239
THuman2.0_processed/0524,thuman,104,239
THuman2.0_processed/0525,thuman,104,239
CAPE_processed/00032_longshort_ATUsquat.000001,cape,105,310
CAPE_processed/00032_longshort_ATUsquat.000085,cape,105,310
CAPE_processed/00032_longshort_flying_eagle.000020,cape,105,317
CAPE_processed/00032_longshort_flying_eagle.000118,cape,105,317
CAPE_processed/00032_longshort_flying_eagle.000194,cape,105,317
CAPE_processed/00032_longshort_flying_eagle.000281,cape,105,317
CAPE_processed/00032_longshort_hips.000021,cape,105,318
CAPE_processed/00032_longshort_hips.000131,cape,105,318
CAPE_processed/00032_longshort_hips.000227,cape,105,318
CAPE_processed/00032_longshort_punching.000033,cape,105,323
CAPE_processed/00032_longshort_punching.000127,cape,105,323
CAPE_processed/00032_longshort_shoulders_mill.000118,cape,105,325
CAPE_processed/00032_longshort_soccer.000022,cape,105,327
CAPE_processed/00032_longshort_soccer.000161,cape,105,327
CAPE_processed/00032_longshort_squats.000124,cape,105,328
CAPE_processed/00032_longshort_squats.000234,cape,105,328
CAPE_processed/00032_longshort_tilt_twist_left.000152,cape,105,329
CAPE_processed/00032_longshort_tilt_twist_left.000273,cape,105,329
CAPE_processed/00032_shortlong_ATUsquat.000191,cape,105,357
CAPE_processed/00032_shortlong_ballerina_spin.000162,cape,105,362
CAPE_processed/00032_shortlong_ballerina_spin.000247,cape,105,362
CAPE_processed/00032_shortlong_basketball.000193,cape,105,367
CAPE_processed/00032_shortlong_bend_back_and_front.000160,cape,105,369
CAPE_processed/00032_shortlong_bend_back_and_front.000314,cape,105,369
CAPE_processed/00032_shortlong_flying_eagle.000203,cape,105,380
CAPE_processed/00032_shortlong_flying_eagle.000264,cape,105,380
CAPE_processed/00032_shortlong_hips.000055,cape,105,384
CAPE_processed/00032_shortlong_hips.000119,cape,105,384
CAPE_processed/00032_shortlong_pose_model.000165,cape,105,387
CAPE_processed/00032_shortlong_punching.000139,cape,105,388
CAPE_processed/00032_shortlong_shoulders_mill.000128,cape,105,391
CAPE_processed/00032_shortlong_soccer.000027,cape,105,396
CAPE_processed/00032_shortlong_soccer.000188,cape,105,396
CAPE_processed/00032_shortlong_squats.000080,cape,105,398
CAPE_processed/00032_shortlong_squats.000238,cape,105,398
CAPE_processed/00032_shortlong_tilt_twist_left.000081,cape,105,402
CAPE_processed/00032_shortlong_tilt_twist_left.000230,cape,105,402
CAPE_processed/00032_shortlong_tilt_twist_left.000304,cape,105,402
CAPE_processed/00032_shortshort_ATUsquat.000209,cape,105,405
CAPE_processed/00032_shortshort_bend_back_and_front.000127,cape,105,411
CAPE_processed/00032_shortshort_bend_back_and_front.000240,cape,105,411
CAPE_processed/00032_shortshort_chicken_wings.000081,cape,105,413
CAPE_processed/00032_shortshort_chicken_wings.000179,cape,105,413
CAPE_processed/00032_shortshort_flying_eagle.000020,cape,105,416
CAPE_processed/00032_shortshort_flying_eagle.000083,cape,105,416
CAPE_processed/00032_shortshort_flying_eagle.000202,cape,105,416
CAPE_processed/00032_shortshort_hips.000256,cape,105,417
CAPE_processed/00032_shortshort_pose_model.000161,cape,105,419
CAPE_processed/00032_shortshort_punching.000070,cape,105,420
CAPE_processed/00032_shortshort_shoulders_mill.000032,cape,105,422
CAPE_processed/00096_jerseyshort_ATUsquat.000060,cape,106,247
CAPE_processed/00096_jerseyshort_bend_back_and_front.000304,cape,106,249
CAPE_processed/00096_jerseyshort_flying_eagle.000051,cape,106,250
CAPE_processed/00096_jerseyshort_flying_eagle.000163,cape,106,250
CAPE_processed/00096_jerseyshort_hips.000261,cape,106,251
CAPE_processed/00096_jerseyshort_punching.000147,cape,106,253
CAPE_processed/00096_jerseyshort_soccer.000281,cape,106,255
CAPE_processed/00096_jerseyshort_squats.000064,cape,106,256
CAPE_processed/00096_jerseyshort_squats.000290,cape,106,256
CAPE_processed/00096_jerseyshort_tilt_twist_left.000347,cape,106,257
CAPE_processed/00096_longshort_ATUsquat.000159,cape,106,310
CAPE_processed/00096_longshort_ballerina_spin.000224,cape,106,313
CAPE_processed/00096_longshort_basketball.000204,cape,106,314
CAPE_processed/00096_longshort_chicken_wings.000105,cape,106,316
CAPE_processed/00096_longshort_flying_eagle.000065,cape,106,317
CAPE_processed/00096_longshort_hips.000202,cape,106,318
CAPE_processed/00096_longshort_pose_model.000154,cape,106,322
CAPE_processed/00096_longshort_shoulders_mill.000198,cape,106,325
CAPE_processed/00096_longshort_tilt_twist_left.000015,cape,106,329
CAPE_processed/00096_longshort_tilt_twist_left.000238,cape,106,329
CAPE_processed/00096_shirtlong_ATUsquat.000015,cape,106,342
CAPE_processed/00096_shirtlong_basketball.000158,cape,106,343
CAPE_processed/00096_shirtlong_bend_back_and_front.000149,cape,106,344
CAPE_processed/00096_shirtlong_hips.000189,cape,106,345
CAPE_processed/00096_shirtlong_hips.000426,cape,106,345
CAPE_processed/00096_shirtlong_punching.000336,cape,106,346
CAPE_processed/00096_shirtlong_squats.000066,cape,106,347
CAPE_processed/00096_shirtlong_tilt_twist_left.000146,cape,106,348
CAPE_processed/00096_shirtshort_ATUsquat.000253,cape,106,349
CAPE_processed/00096_shirtshort_ballerina_spin.000181,cape,106,350
CAPE_processed/00096_shirtshort_chicken_wings.000029,cape,106,351
CAPE_processed/00096_shirtshort_hips.000198,cape,106,352
CAPE_processed/00096_shirtshort_pose_model.000326,cape,106,353
CAPE_processed/00096_shirtshort_shoulders_mill.000099,cape,106,354
CAPE_processed/00096_shirtshort_soccer.000136,cape,106,355
CAPE_processed/00096_shirtshort_tilt_twist_left.000084,cape,106,356
CAPE_processed/00096_shirtshort_tilt_twist_left.000237,cape,106,356
CAPE_processed/00096_shortlong_ATUsquat.000150,cape,106,357
CAPE_processed/00096_shortlong_pose_model.000069,cape,106,387
CAPE_processed/00096_shortlong_soccer.000171,cape,106,396
CAPE_processed/00096_shortlong_squats.000257,cape,106,398
CAPE_processed/00096_shortshort_ballerina_spin.000266,cape,106,406
CAPE_processed/00096_shortshort_bend_back_and_front.000329,cape,106,411
CAPE_processed/00096_shortshort_flying_eagle.000037,cape,106,416
CAPE_processed/00096_shortshort_flying_eagle.000227,cape,106,416
CAPE_processed/00096_shortshort_hips.000269,cape,106,417
CAPE_processed/00096_shortshort_punching.000100,cape,106,420
CAPE_processed/00096_shortshort_shoulders_mill.000030,cape,106,422
CAPE_processed/00096_shortshort_soccer.000021,cape,106,425
CAPE_processed/00096_shortshort_tilt_twist_left.000083,cape,106,429
CAPE_processed/00122_shortlong_ATUsquat.000036,cape,107,357
CAPE_processed/00122_shortlong_ATUsquat.000171,cape,107,357
CAPE_processed/00122_shortlong_ballerina_spin.000019,cape,107,362
CAPE_processed/00122_shortlong_ballerina_spin.000108,cape,107,362
CAPE_processed/00122_shortlong_chicken_wings.000031,cape,107,372
CAPE_processed/00122_shortlong_chicken_wings.000160,cape,107,372
CAPE_processed/00122_shortlong_pose_model.000077,cape,107,387
CAPE_processed/00122_shortlong_pose_model.000164,cape,107,387
CAPE_processed/00122_shortlong_punching.000166,cape,107,388
CAPE_processed/00122_shortlong_shoulders_mill.000050,cape,107,391
CAPE_processed/00122_shortlong_shoulders_mill.000152,cape,107,391
CAPE_processed/00122_shortlong_soccer.000055,cape,107,396
CAPE_processed/00122_shortlong_soccer.000146,cape,107,396
CAPE_processed/00122_shortlong_soccer.000188,cape,107,396
CAPE_processed/00122_shortlong_squats.000068,cape,107,398
CAPE_processed/00122_shortlong_squats.000137,cape,107,398
CAPE_processed/00122_shortlong_squats.000212,cape,107,398
CAPE_processed/00122_shortlong_tilt_twist_left.000024,cape,107,402
CAPE_processed/00122_shortlong_tilt_twist_left.000063,cape,107,402
CAPE_processed/00122_shortlong_tilt_twist_left.000175,cape,107,402
CAPE_processed/00122_shortshort_ATUsquat.000126,cape,107,405
CAPE_processed/00122_shortshort_ballerina_spin.000060,cape,107,406
CAPE_processed/00122_shortshort_ballerina_spin.000206,cape,107,406
CAPE_processed/00122_shortshort_basketball.000038,cape,107,410
CAPE_processed/00122_shortshort_basketball.000165,cape,107,410
CAPE_processed/00122_shortshort_bend_back_and_front.000106,cape,107,411
CAPE_processed/00122_shortshort_bend_back_and_front.000237,cape,107,411
CAPE_processed/00122_shortshort_chicken_wings.000115,cape,107,413
CAPE_processed/00122_shortshort_flying_eagle.000024,cape,107,416
CAPE_processed/00122_shortshort_flying_eagle.000087,cape,107,416
CAPE_processed/00122_shortshort_flying_eagle.000218,cape,107,416
CAPE_processed/00122_shortshort_hips.000126,cape,107,417
CAPE_processed/00122_shortshort_hips.000177,cape,107,417
CAPE_processed/00122_shortshort_hips.000288,cape,107,417
CAPE_processed/00122_shortshort_hips.000348,cape,107,417
CAPE_processed/00122_shortshort_pose_model.000003,cape,107,419
CAPE_processed/00122_shortshort_pose_model.000090,cape,107,419
CAPE_processed/00122_shortshort_pose_model.000144,cape,107,419
CAPE_processed/00122_shortshort_pose_model.000219,cape,107,419
CAPE_processed/00122_shortshort_punching.000025,cape,107,420
CAPE_processed/00122_shortshort_punching.000127,cape,107,420
CAPE_processed/00122_shortshort_shoulders_mill.000156,cape,107,422
CAPE_processed/00122_shortshort_shoulders_mill.000251,cape,107,422
CAPE_processed/00122_shortshort_shoulders_mill.000342,cape,107,422
CAPE_processed/00122_shortshort_soccer.000074,cape,107,425
CAPE_processed/00122_shortshort_squats.000016,cape,107,426
CAPE_processed/00122_shortshort_squats.000171,cape,107,426
CAPE_processed/00122_shortshort_tilt_twist_left.000017,cape,107,429
CAPE_processed/00122_shortshort_tilt_twist_left.000154,cape,107,429
CAPE_processed/00122_shortshort_tilt_twist_left.000274,cape,107,429
CAPE_processed/00127_shortlong_ATUsquat.000036,cape,108,357
CAPE_processed/00127_shortlong_ATUsquat.000074,cape,108,357
CAPE_processed/00127_shortlong_ATUsquat.000089,cape,108,357
CAPE_processed/00127_shortlong_ATUsquat.000144,cape,108,357
CAPE_processed/00127_shortlong_ATUsquat.000166,cape,108,357
CAPE_processed/00127_shortlong_ATUsquat.000222,cape,108,357
CAPE_processed/00127_shortlong_ATUsquat.000239,cape,108,357
CAPE_processed/00127_shortlong_ballerina_spin.000003,cape,108,362
CAPE_processed/00127_shortlong_ballerina_spin.000079,cape,108,362
CAPE_processed/00127_shortlong_ballerina_spin.000123,cape,108,362
CAPE_processed/00127_shortlong_ballerina_spin.000144,cape,108,362
CAPE_processed/00127_shortlong_ballerina_spin.000168,cape,108,362
CAPE_processed/00127_shortlong_ballerina_spin.000233,cape,108,362
CAPE_processed/00127_shortlong_ballerina_spin.000281,cape,108,362
CAPE_processed/00127_shortlong_bend_back_and_front.000041,cape,108,369
CAPE_processed/00127_shortlong_bend_back_and_front.000078,cape,108,369
CAPE_processed/00127_shortlong_bend_back_and_front.000118,cape,108,369
CAPE_processed/00127_shortlong_bend_back_and_front.000146,cape,108,369
CAPE_processed/00127_shortlong_bend_back_and_front.000227,cape,108,369
CAPE_processed/00127_shortlong_bend_back_and_front.000271,cape,108,369
CAPE_processed/00127_shortlong_bend_back_and_front.000297,cape,108,369
CAPE_processed/00127_shortlong_hips.000034,cape,108,384
CAPE_processed/00127_shortlong_hips.000070,cape,108,384
CAPE_processed/00127_shortlong_hips.000093,cape,108,384
CAPE_processed/00127_shortlong_hips.000133,cape,108,384
CAPE_processed/00127_shortlong_hips.000202,cape,108,384
CAPE_processed/00127_shortlong_hips.000218,cape,108,384
CAPE_processed/00127_shortlong_hips.000260,cape,108,384
CAPE_processed/00127_shortlong_hips.000308,cape,108,384
CAPE_processed/00127_shortlong_hips.000344,cape,108,384
CAPE_processed/00127_shortlong_pose_model.000036,cape,108,387
CAPE_processed/00127_shortlong_pose_model.000068,cape,108,387
CAPE_processed/00127_shortlong_pose_model.000095,cape,108,387
CAPE_processed/00127_shortlong_pose_model.000143,cape,108,387
CAPE_processed/00127_shortlong_pose_model.000179,cape,108,387
CAPE_processed/00127_shortlong_pose_model.000196,cape,108,387
CAPE_processed/00127_shortlong_pose_model.000220,cape,108,387
CAPE_processed/00127_shortlong_pose_model.000237,cape,108,387
CAPE_processed/00127_shortlong_pose_model.000260,cape,108,387
CAPE_processed/00127_shortlong_pose_model.000291,cape,108,387
CAPE_processed/00127_shortlong_pose_model.000329,cape,108,387
CAPE_processed/00127_shortlong_pose_model.000418,cape,108,387
CAPE_processed/00127_shortlong_pose_model.000464,cape,108,387
CAPE_processed/00127_shortlong_soccer.000040,cape,108,396
CAPE_processed/00127_shortlong_soccer.000089,cape,108,396
CAPE_processed/00127_shortlong_soccer.000119,cape,108,396
CAPE_processed/00127_shortlong_soccer.000150,cape,108,396
CAPE_processed/00127_shortlong_soccer.000210,cape,108,396
CAPE_processed/00127_shortlong_soccer.000301,cape,108,396
CAPE_processed/00127_shortlong_soccer.000322,cape,108,396
CAPE_processed/00134_longlong_ATUsquat_trial1.000031,cape,109,259
CAPE_processed/00134_longlong_badminton_trial1.000134,cape,109,263
CAPE_processed/00134_longlong_badminton_trial2.000212,cape,109,264
CAPE_processed/00134_longlong_ballet2_trial1.000258,cape,109,265
CAPE_processed/00134_longlong_ballet3_trial1.000314,cape,109,266
CAPE_processed/00134_longlong_ballet4_trial2.000114,cape,109,267
CAPE_processed/00134_longlong_box_trial2.000081,cape,109,270
CAPE_processed/00134_longlong_catchpick_trial2.000140,cape,109,271
CAPE_processed/00134_longlong_club_trial1.000013,cape,109,272
CAPE_processed/00134_longlong_drinkeat_trial1.000285,cape,109,274
CAPE_processed/00134_longlong_fashion_trial1.000032,cape,109,275
CAPE_processed/00134_longlong_frisbee_trial1.000226,cape,109,276
CAPE_processed/00134_longlong_golf_trial1.000019,cape,109,277
CAPE_processed/00134_longlong_handball_trial2.000054,cape,109,279
CAPE_processed/00134_longlong_housework_trial1.000363,cape,109,282
CAPE_processed/00134_longlong_lean_trial2.000067,cape,109,285
CAPE_processed/00134_longlong_music_trial1.000159,cape,109,288
CAPE_processed/00134_longlong_row_trial2.000108,cape,109,292
CAPE_processed/00134_longlong_run_trial2.000060,cape,109,293
CAPE_processed/00134_longlong_ski_trial2.000064,cape,109,295
CAPE_processed/00134_longlong_slack_trial1.000074,cape,109,296
CAPE_processed/00134_longlong_soccer_trial1.000113,cape,109,297
CAPE_processed/00134_longlong_stretch_trial1.000009,cape,109,298
CAPE_processed/00134_longlong_stretch_trial2.000121,cape,109,299
CAPE_processed/00134_longlong_swim_trial1.000092,cape,109,300
CAPE_processed/00134_longlong_sword_trial1.000006,cape,109,301
CAPE_processed/00134_longlong_twist_trial1.000085,cape,109,305
CAPE_processed/00134_longlong_volleyball_trial2.000151,cape,109,306
CAPE_processed/00134_longlong_walk_trial2.000089,cape,109,309
CAPE_processed/00134_shortlong_athletics_trial1.000145,cape,109,358
CAPE_processed/00134_shortlong_badminton_trial2.000178,cape,109,361
CAPE_processed/00134_shortlong_ballet1_trial2.000168,cape,109,364
CAPE_processed/00134_shortlong_ballet2_trial1.000318,cape,109,365
CAPE_processed/00134_shortlong_ballet4_trial1.000281,cape,109,366
CAPE_processed/00134_shortlong_box_trial1.000179,cape,109,370
CAPE_processed/00134_shortlong_club_trial1.000010,cape,109,373
CAPE_processed/00134_shortlong_comfort_trial1.000121,cape,109,374
CAPE_processed/00134_shortlong_dig_trial1.000243,cape,109,375
CAPE_processed/00134_shortlong_dig_trial2.000278,cape,109,376
CAPE_processed/00134_shortlong_frisbee_trial1.000192,cape,109,381
CAPE_processed/00134_shortlong_handball_trial1.000208,cape,109,382
CAPE_processed/00134_shortlong_hockey_trial2.000093,cape,109,385
CAPE_processed/00134_shortlong_row_trial2.000010,cape,109,389
CAPE_processed/00134_shortlong_run_trial1.000037,cape,109,390
CAPE_processed/00134_shortlong_shoulders_trial1.000264,cape,109,392
CAPE_processed/00134_shortlong_ski_trial1.000241,cape,109,394
CAPE_processed/00134_shortlong_slack_trial2.000169,cape,109,395
CAPE_processed/00134_shortlong_stretch_trial1.000391,cape,109,399
CAPE_processed/00134_shortlong_swim_trial1.000219,cape,109,400
CAPE_processed/00134_shortlong_swim_trial2.000313,cape,109,401
CAPE_processed/00145_shortlong_ATUsquat.000006,cape,110,357
CAPE_processed/00145_shortlong_ATUsquat.000022,cape,110,357
CAPE_processed/00145_shortlong_ATUsquat.000047,cape,110,357
CAPE_processed/00145_shortlong_ATUsquat.000058,cape,110,357
CAPE_processed/00145_shortlong_ATUsquat.000080,cape,110,357
CAPE_processed/00145_shortlong_hips.000013,cape,110,384
CAPE_processed/00145_shortlong_hips.000031,cape,110,384
CAPE_processed/00145_shortlong_hips.000046,cape,110,384
CAPE_processed/00145_shortlong_hips.000074,cape,110,384
CAPE_processed/00145_shortlong_hips.000100,cape,110,384
CAPE_processed/00145_shortlong_hips.000110,cape,110,384
CAPE_processed/00145_shortlong_hips.000151,cape,110,384
CAPE_processed/00145_shortlong_hips.000178,cape,110,384
CAPE_processed/00145_shortlong_hips.000215,cape,110,384
CAPE_processed/00145_shortlong_pose_model.000005,cape,110,387
CAPE_processed/00145_shortlong_pose_model.000022,cape,110,387
CAPE_processed/00145_shortlong_pose_model.000054,cape,110,387
CAPE_processed/00145_shortlong_pose_model.000077,cape,110,387
CAPE_processed/00145_shortlong_pose_model.000089,cape,110,387
CAPE_processed/00145_shortlong_punching.000010,cape,110,388
CAPE_processed/00145_shortlong_punching.000028,cape,110,388
CAPE_processed/00145_shortlong_punching.000051,cape,110,388
CAPE_processed/00145_shortlong_punching.000107,cape,110,388
CAPE_processed/00145_shortlong_punching.000121,cape,110,388
CAPE_processed/00145_shortlong_punching.000138,cape,110,388
CAPE_processed/00145_shortlong_punching.000210,cape,110,388
CAPE_processed/00145_shortlong_simple.000008,cape,110,393
CAPE_processed/00145_shortlong_simple.000019,cape,110,393
CAPE_processed/00145_shortlong_simple.000044,cape,110,393
CAPE_processed/00145_shortlong_simple.000069,cape,110,393
CAPE_processed/00145_shortlong_simple.000085,cape,110,393
CAPE_processed/00145_shortlong_simple.000118,cape,110,393
CAPE_processed/00145_shortlong_simple.000139,cape,110,393
CAPE_processed/00145_shortlong_simple.000153,cape,110,393
CAPE_processed/00145_shortlong_twist_tilt_left.000009,cape,110,403
CAPE_processed/00145_shortlong_twist_tilt_left.000017,cape,110,403
CAPE_processed/00145_shortlong_twist_tilt_left.000047,cape,110,403
CAPE_processed/00145_shortlong_twist_tilt_left.000060,cape,110,403
CAPE_processed/00145_shortlong_twist_tilt_left.000076,cape,110,403
CAPE_processed/00145_shortlong_twist_tilt_left.000099,cape,110,403
CAPE_processed/00145_shortlong_twist_tilt_left.000120,cape,110,403
CAPE_processed/00145_shortlong_twist_tilt_left.000137,cape,110,403
CAPE_processed/00145_shortlong_twist_tilt_left.000160,cape,110,403
CAPE_processed/00145_shortlong_twist_tilt_left.000176,cape,110,403
CAPE_processed/00145_shortlong_twist_tilt_left.000189,cape,110,403
CAPE_processed/00145_shortlong_twist_tilt_left.000206,cape,110,403
CAPE_processed/00145_shortlong_twist_tilt_left.000219,cape,110,403
CAPE_processed/00145_shortlong_twist_tilt_left.000243,cape,110,403
CAPE_processed/00145_shortlong_twist_tilt_left.000274,cape,110,403
CAPE_processed/00145_shortlong_twist_tilt_left.000298,cape,110,403
CAPE_processed/00159_longlong_ATUsquat.000014,cape,111,258
CAPE_processed/00159_longlong_ATUsquat.000045,cape,111,258
CAPE_processed/00159_longlong_ATUsquat.000119,cape,111,258
CAPE_processed/00159_longlong_pose_model.000015,cape,111,289
CAPE_processed/00159_longlong_pose_model.000098,cape,111,289
CAPE_processed/00159_longlong_twist_tilt_left.000017,cape,111,303
CAPE_processed/00159_longlong_twist_tilt_left.000069,cape,111,303
CAPE_processed/00159_longlong_twist_tilt_left.000122,cape,111,303
CAPE_processed/00159_longlong_twist_tilt_left.000240,cape,111,303
CAPE_processed/00159_longlong_twist_tilt_left.000278,cape,111,303
CAPE_processed/00159_longshort_ATUsquat.000007,cape,111,310
CAPE_processed/00159_longshort_ATUsquat.000041,cape,111,310
CAPE_processed/00159_longshort_ATUsquat.000154,cape,111,310
CAPE_processed/00159_longshort_ATUsquat.000210,cape,111,310
CAPE_processed/00159_longshort_pose_model.000029,cape,111,322
CAPE_processed/00159_longshort_pose_model.000048,cape,111,322
CAPE_processed/00159_longshort_pose_model.000106,cape,111,322
CAPE_processed/00159_longshort_twist_tilt_left.000027,cape,111,331
CAPE_processed/00159_longshort_twist_tilt_left.000068,cape,111,331
CAPE_processed/00159_longshort_twist_tilt_left.000157,cape,111,331
CAPE_processed/00159_longshort_twist_tilt_left.000240,cape,111,331
CAPE_processed/00159_longshort_twist_tilt_left.000285,cape,111,331
CAPE_processed/00159_shortlong_ATUsquat.000004,cape,111,357
CAPE_processed/00159_shortlong_ATUsquat.000038,cape,111,357
CAPE_processed/00159_shortlong_ATUsquat.000070,cape,111,357
CAPE_processed/00159_shortlong_ATUsquat.000115,cape,111,357
CAPE_processed/00159_shortlong_ATUsquat.000166,cape,111,357
CAPE_processed/00159_shortlong_ATUsquat.000226,cape,111,357
CAPE_processed/00159_shortlong_pose_model.000032,cape,111,387
CAPE_processed/00159_shortlong_pose_model.000069,cape,111,387
CAPE_processed/00159_shortlong_pose_model.000127,cape,111,387
CAPE_processed/00159_shortlong_pose_model.000208,cape,111,387
CAPE_processed/00159_shortlong_pose_model.000307,cape,111,387
CAPE_processed/00159_shortlong_twist_tilt_left.000069,cape,111,403
CAPE_processed/00159_shortlong_twist_tilt_left.000102,cape,111,403
CAPE_processed/00159_shortlong_twist_tilt_left.000203,cape,111,403
CAPE_processed/00159_shortshort_ATUsquat.000028,cape,111,405
CAPE_processed/00159_shortshort_ATUsquat.000128,cape,111,405
CAPE_processed/00159_shortshort_pose_model.000002,cape,111,419
CAPE_processed/00159_shortshort_pose_model.000053,cape,111,419
CAPE_processed/00159_shortshort_pose_model.000061,cape,111,419
CAPE_processed/00159_shortshort_pose_model.000135,cape,111,419
CAPE_processed/00159_shortshort_pose_model.000189,cape,111,419
CAPE_processed/00159_shortshort_pose_model.000218,cape,111,419
CAPE_processed/00159_shortshort_pose_model.000291,cape,111,419
CAPE_processed/00159_shortshort_pose_model.000329,cape,111,419
CAPE_processed/00159_shortshort_twist_tilt_left.000034,cape,111,430
CAPE_processed/00159_shortshort_twist_tilt_left.000073,cape,111,430
CAPE_processed/00159_shortshort_twist_tilt_left.000118,cape,111,430
CAPE_processed/00159_shortshort_twist_tilt_left.000197,cape,111,430
CAPE_processed/00215_jerseyshort_ATUsquat.000022,cape,112,247
CAPE_processed/00215_jerseyshort_ATUsquat.000156,cape,112,247
CAPE_processed/00215_jerseyshort_ATUsquat.000287,cape,112,247
CAPE_processed/00215_jerseyshort_basketball.000120,cape,112,248
CAPE_processed/00215_jerseyshort_basketball.000235,cape,112,248
CAPE_processed/00215_jerseyshort_bend_back_and_front.000094,cape,112,249
CAPE_processed/00215_jerseyshort_flying_eagle.000066,cape,112,250
CAPE_processed/00215_jerseyshort_hips.000009,cape,112,251
CAPE_processed/00215_jerseyshort_pose_model.000116,cape,112,252
CAPE_processed/00215_jerseyshort_punching.000168,cape,112,253
CAPE_processed/00215_jerseyshort_shoulders_mill.000229,cape,112,254
CAPE_processed/00215_jerseyshort_shoulders_mill.000254,cape,112,254
CAPE_processed/00215_jerseyshort_soccer.000265,cape,112,255
CAPE_processed/00215_jerseyshort_squats.000178,cape,112,256
CAPE_processed/00215_jerseyshort_tilt_twist_left.000084,cape,112,257
CAPE_processed/00215_longshort_bend_back_and_front.000011,cape,112,315
CAPE_processed/00215_longshort_chicken_wings.000229,cape,112,316
CAPE_processed/00215_longshort_pose_model.000266,cape,112,322
CAPE_processed/00215_longshort_punching.000077,cape,112,323
CAPE_processed/00215_longshort_shoulders_mill.000073,cape,112,325
CAPE_processed/00215_longshort_shoulders_mill.000133,cape,112,325
CAPE_processed/00215_longshort_squats.000082,cape,112,328
CAPE_processed/00215_longshort_squats.000319,cape,112,328
CAPE_processed/00215_longshort_tilt_twist_left.000245,cape,112,329
CAPE_processed/00215_poloshort_ballerina_spin.000022,cape,112,333
CAPE_processed/00215_poloshort_basketball.000090,cape,112,334
CAPE_processed/00215_poloshort_basketball.000204,cape,112,334
CAPE_processed/00215_poloshort_bend_back_and_front.000119,cape,112,335
CAPE_processed/00215_poloshort_bend_back_and_front.000283,cape,112,335
CAPE_processed/00215_poloshort_hips.000098,cape,112,336
CAPE_processed/00215_poloshort_hips.000248,cape,112,336
CAPE_processed/00215_poloshort_pose_model.000035,cape,112,337
CAPE_processed/00215_poloshort_pose_model.000229,cape,112,337
CAPE_processed/00215_poloshort_punching.000209,cape,112,338
CAPE_processed/00215_poloshort_soccer.000058,cape,112,339
CAPE_processed/00215_poloshort_squats.000112,cape,112,340
CAPE_processed/00215_poloshort_tilt_twist_left.000004,cape,112,341
CAPE_processed/00215_poloshort_tilt_twist_left.000271,cape,112,341
CAPE_processed/00215_shortlong_basketball.000121,cape,112,367
CAPE_processed/00215_shortlong_bend_back_and_front.000157,cape,112,369
CAPE_processed/00215_shortlong_bend_back_and_front.000296,cape,112,369
CAPE_processed/00215_shortlong_flying_eagle.000050,cape,112,380
CAPE_processed/00215_shortlong_flying_eagle.000322,cape,112,380
CAPE_processed/00215_shortlong_hips.000165,cape,112,384
CAPE_processed/00215_shortlong_hips.000293,cape,112,384
CAPE_processed/00215_shortlong_punching.000002,cape,112,388
CAPE_processed/00215_shortlong_punching.000144,cape,112,388
CAPE_processed/00215_shortlong_soccer.000031,cape,112,396
CAPE_processed/00215_shortlong_soccer.000241,cape,112,396
CAPE_processed/00215_shortlong_squats.000208,cape,112,398
CAPE_processed/02474_longlong_ATUsquat.000001,cape,113,258
CAPE_processed/02474_longlong_ATUsquat.000076,cape,113,258
CAPE_processed/02474_longlong_ROM_lower.000033,cape,113,260
CAPE_processed/02474_longlong_ROM_lower.000388,cape,113,260
CAPE_processed/02474_longlong_ROM_lower.000503,cape,113,260
CAPE_processed/02474_longlong_ROM_upper.000047,cape,113,261
CAPE_processed/02474_longlong_ROM_upper.000236,cape,113,261
CAPE_processed/02474_longlong_ROM_upper.000473,cape,113,261
CAPE_processed/02474_longlong_ROM_upper.000538,cape,113,261
CAPE_processed/02474_longlong_ROM_upper.000646,cape,113,261
CAPE_processed/02474_longlong_bend_twist.000101,cape,113,268
CAPE_processed/02474_longlong_bend_twist.000285,cape,113,268
CAPE_processed/02474_longlong_improvise.000103,cape,113,284
CAPE_processed/02474_longlong_improvise.000236,cape,113,284
CAPE_processed/02474_longlong_improvise.000285,cape,113,284
CAPE_processed/02474_longlong_move_arms.000023,cape,113,286
CAPE_processed/02474_longlong_move_arms.000296,cape,113,286
CAPE_processed/02474_longlong_move_arms.000387,cape,113,286
CAPE_processed/02474_longlong_move_shoulders.000047,cape,113,287
CAPE_processed/02474_longlong_move_shoulders.000169,cape,113,287
CAPE_processed/02474_longlong_rotate_hips.000009,cape,113,291
CAPE_processed/02474_longlong_rotate_hips.000180,cape,113,291
CAPE_processed/02474_longlong_rotate_hips.000284,cape,113,291
CAPE_processed/02474_longlong_twist_tilt.000090,cape,113,302
CAPE_processed/02474_longlong_twist_tilt.000200,cape,113,302
CAPE_processed/02474_longlong_twist_tilt.000374,cape,113,302
CAPE_processed/02474_longlong_twist_tilt.000469,cape,113,302
CAPE_processed/02474_longlong_walk_march.000137,cape,113,307
CAPE_processed/02474_longlong_walk_march.000161,cape,113,307
CAPE_processed/02474_longlong_walk_march.000214,cape,113,307
CAPE_processed/02474_longshort_ATUsquat.000047,cape,113,310
CAPE_processed/02474_longshort_ROM_lower.000018,cape,113,311
CAPE_processed/02474_longshort_ROM_lower.000204,cape,113,311
CAPE_processed/02474_longshort_ROM_lower.000478,cape,113,311
CAPE_processed/02474_longshort_ROM_upper.000013,cape,113,312
CAPE_processed/02474_longshort_ROM_upper.000151,cape,113,312
CAPE_processed/02474_longshort_ROM_upper.000330,cape,113,312
CAPE_processed/02474_longshort_ROM_upper.000507,cape,113,312
CAPE_processed/02474_longshort_ROM_upper.000633,cape,113,312
CAPE_processed/02474_longshort_improvise.000133,cape,113,319
CAPE_processed/02474_longshort_improvise.000264,cape,113,319
CAPE_processed/02474_longshort_move_arms.000088,cape,113,320
CAPE_processed/02474_longshort_move_arms.000367,cape,113,320
CAPE_processed/02474_longshort_move_shoulders.000013,cape,113,321
CAPE_processed/02474_longshort_move_shoulders.000209,cape,113,321
CAPE_processed/02474_longshort_rotate_hips.000080,cape,113,324
CAPE_processed/02474_longshort_rotate_hips.000169,cape,113,324
CAPE_processed/02474_longshort_rotate_hips.000266,cape,113,324
CAPE_processed/02474_longshort_rotate_hips.000349,cape,113,324
CAPE_processed/02474_longshort_walk_march.000294,cape,113,332
CAPE_processed/03223_longshort_ATUsquat.000104,cape,114,310
CAPE_processed/03223_longshort_ballerina_spin.000297,cape,114,313
CAPE_processed/03223_longshort_bend_back_and_front.000156,cape,114,315
CAPE_processed/03223_longshort_bend_back_and_front.000357,cape,114,315
CAPE_processed/03223_longshort_chicken_wings.000146,cape,114,316
CAPE_processed/03223_longshort_flying_eagle.000136,cape,114,317
CAPE_processed/03223_longshort_flying_eagle.000442,cape,114,317
CAPE_processed/03223_longshort_flying_eagle.000533,cape,114,317
CAPE_processed/03223_longshort_hips.000243,cape,114,318
CAPE_processed/03223_longshort_hips.000469,cape,114,318
CAPE_processed/03223_longshort_pose_model.000375,cape,114,322
CAPE_processed/03223_longshort_shoulders_mill.000003,cape,114,325
CAPE_processed/03223_longshort_squats.000021,cape,114,328
CAPE_processed/03223_shortlong_ATUsquat.000121,cape,114,357
CAPE_processed/03223_shortlong_basketball.000118,cape,114,367
CAPE_processed/03223_shortlong_basketball.000245,cape,114,367
CAPE_processed/03223_shortlong_bend_back_and_front.000417,cape,114,369
CAPE_processed/03223_shortlong_flying_eagle.000004,cape,114,380
CAPE_processed/03223_shortlong_flying_eagle.000208,cape,114,380
CAPE_processed/03223_shortlong_hips.000078,cape,114,384
CAPE_processed/03223_shortlong_hips.000369,cape,114,384
CAPE_processed/03223_shortlong_pose_model.000129,cape,114,387
CAPE_processed/03223_shortlong_pose_model.000506,cape,114,387
CAPE_processed/03223_shortlong_shoulders_mill.000129,cape,114,391
CAPE_processed/03223_shortlong_shoulders_mill.000222,cape,114,391
CAPE_processed/03223_shortlong_soccer.000162,cape,114,396
CAPE_processed/03223_shortlong_squats.000251,cape,114,398
CAPE_processed/03223_shortlong_tilt_twist_left.000279,cape,114,402
CAPE_processed/03223_shortlong_tilt_twist_left.000347,cape,114,402
CAPE_processed/03223_shortlong_tilt_twist_left.000420,cape,114,402
CAPE_processed/03223_shortlong_tilt_twist_left.000466,cape,114,402
CAPE_processed/03223_shortshort_ATUsquat.000086,cape,114,405
CAPE_processed/03223_shortshort_ballerina_spin.000027,cape,114,406
CAPE_processed/03223_shortshort_ballerina_spin.000272,cape,114,406
CAPE_processed/03223_shortshort_basketball.000118,cape,114,410
CAPE_processed/03223_shortshort_bend_back_and_front.000006,cape,114,411
CAPE_processed/03223_shortshort_bend_back_and_front.000118,cape,114,411
CAPE_processed/03223_shortshort_bend_back_and_front.000420,cape,114,411
CAPE_processed/03223_shortshort_chicken_wings.000077,cape,114,413
CAPE_processed/03223_shortshort_flying_eagle.000036,cape,114,416
CAPE_processed/03223_shortshort_flying_eagle.000275,cape,114,416
CAPE_processed/03223_shortshort_hips.000076,cape,114,417
CAPE_processed/03223_shortshort_hips.000402,cape,114,417
CAPE_processed/03223_shortshort_pose_model.000095,cape,114,419
CAPE_processed/03223_shortshort_punching.000105,cape,114,420
CAPE_processed/03223_shortshort_shoulders_mill.000007,cape,114,422
CAPE_processed/03223_shortshort_shoulders_mill.000376,cape,114,422
CAPE_processed/03223_shortshort_soccer.000087,cape,114,425
CAPE_processed/03223_shortshort_squats.000035,cape,114,426
CAPE_processed/03223_shortshort_tilt_twist_left.000031,cape,114,429
CAPE_processed/03284_longlong_ATUsquat.000020,cape,115,258
CAPE_processed/03284_longlong_ATUsquat.000063,cape,115,258
CAPE_processed/03284_longlong_ATUsquat.000106,cape,115,258
CAPE_processed/03284_longlong_hips.000005,cape,115,281
CAPE_processed/03284_longlong_hips.000078,cape,115,281
CAPE_processed/03284_longlong_hips.000165,cape,115,281
CAPE_processed/03284_longlong_punching.000109,cape,115,290
CAPE_processed/03284_longlong_punching.000153,cape,115,290
CAPE_processed/03284_longlong_simple.000076,cape,115,294
CAPE_processed/03284_longlong_simple.000119,cape,115,294
CAPE_processed/03284_longlong_twist_tilt_left.000026,cape,115,303
CAPE_processed/03284_longlong_twist_tilt_left.000077,cape,115,303
CAPE_processed/03284_longlong_twist_tilt_left.000182,cape,115,303
CAPE_processed/03284_longlong_twist_tilt_left.000232,cape,115,303
CAPE_processed/03284_longlong_twist_tilt_left.000395,cape,115,303
CAPE_processed/03284_longshort_hips.000037,cape,115,318
CAPE_processed/03284_longshort_hips.000061,cape,115,318
CAPE_processed/03284_longshort_hips.000189,cape,115,318
CAPE_processed/03284_longshort_simple.000093,cape,115,326
CAPE_processed/03284_longshort_twist_tilt_left.000007,cape,115,331
CAPE_processed/03284_longshort_twist_tilt_left.000072,cape,115,331
CAPE_processed/03284_longshort_twist_tilt_left.000169,cape,115,331
CAPE_processed/03284_longshort_twist_tilt_left.000204,cape,115,331
CAPE_processed/03284_longshort_twist_tilt_left.000248,cape,115,331
CAPE_processed/03284_longshort_twist_tilt_left.000343,cape,115,331
CAPE_processed/03284_shortlong_hips.000044,cape,115,384
CAPE_processed/03284_shortlong_hips.000164,cape,115,384
CAPE_processed/03284_shortlong_punching.000041,cape,115,388
CAPE_processed/03284_shortlong_punching.000110,cape,115,388
CAPE_processed/03284_shortlong_punching.000161,cape,115,388
CAPE_processed/03284_shortlong_punching.000213,cape,115,388
CAPE_processed/03284_shortlong_simple.000008,cape,115,393
CAPE_processed/03284_shortlong_simple.000110,cape,115,393
CAPE_processed/03284_shortlong_twist_tilt_left.000042,cape,115,403
CAPE_processed/03284_shortlong_twist_tilt_left.000185,cape,115,403
CAPE_processed/03284_shortlong_twist_tilt_left.000206,cape,115,403
CAPE_processed/03284_shortlong_twist_tilt_left.000236,cape,115,403
CAPE_processed/03284_shortlong_twist_tilt_left.000292,cape,115,403
CAPE_processed/03284_shortlong_twist_tilt_left.000366,cape,115,403
CAPE_processed/03284_shortshort_hips.000056,cape,115,417
CAPE_processed/03284_shortshort_hips.000094,cape,115,417
CAPE_processed/03284_shortshort_hips.000141,cape,115,417
CAPE_processed/03284_shortshort_hips.000163,cape,115,417
CAPE_processed/03284_shortshort_punching.000056,cape,115,420
CAPE_processed/03284_shortshort_punching.000144,cape,115,420
CAPE_processed/03284_shortshort_simple.000025,cape,115,423
CAPE_processed/03284_shortshort_simple.000083,cape,115,423
CAPE_processed/03284_shortshort_twist_tilt_left.000112,cape,115,430
CAPE_processed/03284_shortshort_twist_tilt_left.000219,cape,115,430
CAPE_processed/03284_shortshort_twist_tilt_left.000268,cape,115,430
CAPE_processed/03331_longshort_chicken_wings.000002,cape,116,316
CAPE_processed/03331_longshort_chicken_wings.000041,cape,116,316
CAPE_processed/03331_longshort_chicken_wings.000076,cape,116,316
CAPE_processed/03331_longshort_hips.000004,cape,116,318
CAPE_processed/03331_longshort_hips.000030,cape,116,318
CAPE_processed/03331_longshort_hips.000069,cape,116,318
CAPE_processed/03331_longshort_hips.000098,cape,116,318
CAPE_processed/03331_longshort_hips.000135,cape,116,318
CAPE_processed/03331_longshort_punching.000017,cape,116,323
CAPE_processed/03331_longshort_punching.000045,cape,116,323
CAPE_processed/03331_longshort_punching.000086,cape,116,323
CAPE_processed/03331_longshort_punching.000102,cape,116,323
CAPE_processed/03331_longshort_punching.000122,cape,116,323
CAPE_processed/03331_longshort_simple.000004,cape,116,326
CAPE_processed/03331_longshort_simple.000064,cape,116,326
CAPE_processed/03331_longshort_simple.000081,cape,116,326
CAPE_processed/03331_longshort_twist_tilt_left.000004,cape,116,331
CAPE_processed/03331_longshort_twist_tilt_left.000038,cape,116,331
CAPE_processed/03331_longshort_twist_tilt_left.000078,cape,116,331
CAPE_processed/03331_shortshort_chicken_wings.000009,cape,116,413
CAPE_processed/03331_shortshort_chicken_wings.000026,cape,116,413
CAPE_processed/03331_shortshort_chicken_wings.000115,cape,116,413
CAPE_processed/03331_shortshort_hips.000008,cape,116,417
CAPE_processed/03331_shortshort_hips.000030,cape,116,417
CAPE_processed/03331_shortshort_hips.000064,cape,116,417
CAPE_processed/03331_shortshort_hips.000101,cape,116,417
CAPE_processed/03331_shortshort_hips.000124,cape,116,417
CAPE_processed/03331_shortshort_punching.000012,cape,116,420
CAPE_processed/03331_shortshort_punching.000042,cape,116,420
CAPE_processed/03331_shortshort_punching.000076,cape,116,420
CAPE_processed/03331_shortshort_punching.000107,cape,116,420
CAPE_processed/03331_shortshort_punching.000141,cape,116,420
CAPE_processed/03331_shortshort_punching.000194,cape,116,420
CAPE_processed/03331_shortshort_simple.000021,cape,116,423
CAPE_processed/03331_shortshort_simple.000054,cape,116,423
CAPE_processed/03331_shortshort_simple.000079,cape,116,423
CAPE_processed/03331_shortshort_simple.000142,cape,116,423
CAPE_processed/03331_shortshort_twist_tilt_left.000014,cape,116,430
CAPE_processed/03331_shortshort_twist_tilt_left.000028,cape,116,430
CAPE_processed/03331_shortshort_twist_tilt_left.000044,cape,116,430
CAPE_processed/03331_shortshort_twist_tilt_left.000091,cape,116,430
CAPE_processed/03331_shortshort_twist_tilt_left.000127,cape,116,430
CAPE_processed/03331_shortshort_twist_tilt_left.000152,cape,116,430
CAPE_processed/03331_shortshort_twist_tilt_left.000176,cape,116,430
CAPE_processed/03331_shortshort_twist_tilt_left.000193,cape,116,430
CAPE_processed/03331_shortshort_twist_tilt_left.000217,cape,116,430
CAPE_processed/03331_shortshort_twist_tilt_left.000223,cape,116,430
CAPE_processed/03331_shortshort_twist_tilt_left.000253,cape,116,430
CAPE_processed/03331_shortshort_twist_tilt_left.000294,cape,116,430
CAPE_processed/03331_shortshort_twist_tilt_left.000306,cape,116,430
CAPE_processed/03375_blazerlong_babysit_trial2.000008,cape,117,240
CAPE_processed/03375_blazerlong_drinkeat_trial1.000052,cape,117,241
CAPE_processed/03375_blazerlong_handball_trial1.000115,cape,117,242
CAPE_processed/03375_blazerlong_music_trial1.000070,cape,117,243
CAPE_processed/03375_blazerlong_shoulders_trial1.000021,cape,117,244
CAPE_processed/03375_blazerlong_swim_trial2.000104,cape,117,245
CAPE_processed/03375_blazerlong_twist_tilt_trial2.000082,cape,117,246
CAPE_processed/03375_longlong_babysit_trial2.000003,cape,117,262
CAPE_processed/03375_longlong_box_trial1.000189,cape,117,269
CAPE_processed/03375_longlong_catchpick_trial2.000177,cape,117,271
CAPE_processed/03375_longlong_club_trial2.000039,cape,117,273
CAPE_processed/03375_longlong_drinkeat_trial1.000192,cape,117,274
CAPE_processed/03375_longlong_handball_trial1.000056,cape,117,278
CAPE_processed/03375_longlong_hands_up_trial1.000250,cape,117,280
CAPE_processed/03375_longlong_housework_trial2.000033,cape,117,283
CAPE_processed/03375_longlong_row_trial2.000049,cape,117,292
CAPE_processed/03375_longlong_ski_trial2.000161,cape,117,295
CAPE_processed/03375_longlong_swim_trial1.000189,cape,117,300
CAPE_processed/03375_longlong_twist_tilt_trial2.000153,cape,117,304
CAPE_processed/03375_longlong_walk_trial1.000190,cape,117,308
CAPE_processed/03375_shortlong_babysit_trial1.000035,cape,117,359
CAPE_processed/03375_shortlong_babysit_trial2.000112,cape,117,360
CAPE_processed/03375_shortlong_ballet1_trial1.000144,cape,117,363
CAPE_processed/03375_shortlong_ballet1_trial1.000284,cape,117,363
CAPE_processed/03375_shortlong_ballet2_trial1.000037,cape,117,365
CAPE_processed/03375_shortlong_basketball_trial1.000018,cape,117,368
CAPE_processed/03375_shortlong_box_trial1.000141,cape,117,370
CAPE_processed/03375_shortlong_catchpick_trial2.000103,cape,117,371
CAPE_processed/03375_shortlong_club_trial1.000158,cape,117,373
CAPE_processed/03375_shortlong_drinkeat_trial1.000043,cape,117,377
CAPE_processed/03375_shortlong_fashion_trial1.000122,cape,117,378
CAPE_processed/03375_shortlong_fashion_trial2.000082,cape,117,379
CAPE_processed/03375_shortlong_hands_up_trial2.000053,cape,117,383
CAPE_processed/03375_shortlong_housework_trial2.000032,cape,117,386
CAPE_processed/03375_shortlong_run_trial1.000142,cape,117,390
CAPE_processed/03375_shortlong_soccer_trial2.000058,cape,117,397
CAPE_processed/03375_shortlong_stretch_trial1.000246,cape,117,399
CAPE_processed/03375_shortlong_swim_trial2.000290,cape,117,401
CAPE_processed/03375_shortlong_volleyball_trial2.000221,cape,117,404
CAPE_processed/03375_shortshort_ballet2_trial1.000035,cape,117,407
CAPE_processed/03375_shortshort_ballet2_trial2.000036,cape,117,408
CAPE_processed/03375_shortshort_ballet3_trial1.000249,cape,117,409
CAPE_processed/03375_shortshort_box_trial1.000238,cape,117,412
CAPE_processed/03375_shortshort_drinkeat_trial1.000218,cape,117,414
CAPE_processed/03375_shortshort_fashion_trial1.000201,cape,117,415
CAPE_processed/03375_shortshort_housework_trial1.000041,cape,117,418
CAPE_processed/03375_shortshort_row_trial1.000070,cape,117,421
CAPE_processed/03375_shortshort_slack_trial1.000138,cape,117,424
CAPE_processed/03375_shortshort_stretch_trial1.000118,cape,117,427
CAPE_processed/03375_shortshort_swim_trial1.000349,cape,117,428
CAPE_processed/03383_shortlong_ATUsquat.000005,cape,118,357
CAPE_processed/03383_shortlong_ATUsquat.000036,cape,118,357
CAPE_processed/03383_shortlong_ATUsquat.000052,cape,118,357
CAPE_processed/03383_shortlong_ATUsquat.000092,cape,118,357
CAPE_processed/03383_shortlong_ATUsquat.000104,cape,118,357
CAPE_processed/03383_shortlong_ATUsquat.000146,cape,118,357
CAPE_processed/03383_shortlong_ATUsquat.000161,cape,118,357
CAPE_processed/03383_shortlong_ATUsquat.000169,cape,118,357
CAPE_processed/03383_shortlong_ATUsquat.000198,cape,118,357
CAPE_processed/03383_shortlong_ATUsquat.000206,cape,118,357
CAPE_processed/03383_shortlong_ATUsquat.000225,cape,118,357
CAPE_processed/03383_shortlong_pose_model.000018,cape,118,387
CAPE_processed/03383_shortlong_pose_model.000028,cape,118,387
CAPE_processed/03383_shortlong_pose_model.000039,cape,118,387
CAPE_processed/03383_shortlong_pose_model.000050,cape,118,387
CAPE_processed/03383_shortlong_pose_model.000064,cape,118,387
CAPE_processed/03383_shortlong_pose_model.000075,cape,118,387
CAPE_processed/03383_shortlong_pose_model.000090,cape,118,387
CAPE_processed/03383_shortlong_pose_model.000108,cape,118,387
CAPE_processed/03383_shortlong_pose_model.000123,cape,118,387
CAPE_processed/03383_shortlong_pose_model.000138,cape,118,387
CAPE_processed/03383_shortlong_pose_model.000148,cape,118,387
CAPE_processed/03383_shortlong_pose_model.000156,cape,118,387
CAPE_processed/03383_shortlong_pose_model.000174,cape,118,387
CAPE_processed/03383_shortlong_pose_model.000195,cape,118,387
CAPE_processed/03383_shortlong_pose_model.000202,cape,118,387
CAPE_processed/03383_shortlong_pose_model.000216,cape,118,387
CAPE_processed/03383_shortlong_pose_model.000224,cape,118,387
CAPE_processed/03383_shortlong_pose_model.000241,cape,118,387
CAPE_processed/03383_shortlong_pose_model.000255,cape,118,387
CAPE_processed/03383_shortlong_twist_tilt_left.000010,cape,118,403
CAPE_processed/03383_shortlong_twist_tilt_left.000026,cape,118,403
CAPE_processed/03383_shortlong_twist_tilt_left.000039,cape,118,403
CAPE_processed/03383_shortlong_twist_tilt_left.000044,cape,118,403
CAPE_processed/03383_shortlong_twist_tilt_left.000055,cape,118,403
CAPE_processed/03383_shortlong_twist_tilt_left.000066,cape,118,403
CAPE_processed/03383_shortlong_twist_tilt_left.000079,cape,118,403
CAPE_processed/03383_shortlong_twist_tilt_left.000089,cape,118,403
CAPE_processed/03383_shortlong_twist_tilt_left.000108,cape,118,403
CAPE_processed/03383_shortlong_twist_tilt_left.000126,cape,118,403
CAPE_processed/03383_shortlong_twist_tilt_left.000144,cape,118,403
CAPE_processed/03383_shortlong_twist_tilt_left.000160,cape,118,403
CAPE_processed/03383_shortlong_twist_tilt_left.000174,cape,118,403
CAPE_processed/03383_shortlong_twist_tilt_left.000188,cape,118,403
CAPE_processed/03383_shortlong_twist_tilt_left.000198,cape,118,403
CAPE_processed/03383_shortlong_twist_tilt_left.000210,cape,118,403
CAPE_processed/03383_shortlong_twist_tilt_left.000223,cape,118,403
CAPE_processed/03383_shortlong_twist_tilt_left.000238,cape,118,403
CAPE_processed/03383_shortlong_twist_tilt_left.000251,cape,118,403
CAPE_processed/03383_shortlong_twist_tilt_left.000268,cape,118,403
CAPE_processed/03394_longlong_ATUsquat.000012,cape,119,258
CAPE_processed/03394_longlong_ATUsquat.000152,cape,119,258
CAPE_processed/03394_longlong_ATUsquat.000236,cape,119,258
CAPE_processed/03394_longlong_ROM_lower.000069,cape,119,260
CAPE_processed/03394_longlong_ROM_lower.000104,cape,119,260
CAPE_processed/03394_longlong_ROM_lower.000243,cape,119,260
CAPE_processed/03394_longlong_ROM_lower.000393,cape,119,260
CAPE_processed/03394_longlong_ROM_lower.000492,cape,119,260
CAPE_processed/03394_longlong_ROM_lower.000594,cape,119,260
CAPE_processed/03394_longlong_ROM_lower.000717,cape,119,260
CAPE_processed/03394_longlong_ROM_upper.000220,cape,119,261
CAPE_processed/03394_longlong_ROM_upper.000328,cape,119,261
CAPE_processed/03394_longlong_ROM_upper.000636,cape,119,261
CAPE_processed/03394_longlong_ROM_upper.000724,cape,119,261
CAPE_processed/03394_longlong_ROM_upper.000849,cape,119,261
CAPE_processed/03394_longlong_bend_twist.000040,cape,119,268
CAPE_processed/03394_longlong_bend_twist.000132,cape,119,268
CAPE_processed/03394_longlong_bend_twist.000246,cape,119,268
CAPE_processed/03394_longlong_bend_twist.000381,cape,119,268
CAPE_processed/03394_longlong_improvise.000088,cape,119,284
CAPE_processed/03394_longlong_improvise.000252,cape,119,284
CAPE_processed/03394_longlong_move_arms.000239,cape,119,286
CAPE_processed/03394_longlong_move_arms.000385,cape,119,286
CAPE_processed/03394_longlong_move_shoulders.000082,cape,119,287
CAPE_processed/03394_longlong_move_shoulders.000142,cape,119,287
CAPE_processed/03394_longlong_move_shoulders.000242,cape,119,287
CAPE_processed/03394_longlong_rotate_hips.000012,cape,119,291
CAPE_processed/03394_longlong_rotate_hips.000216,cape,119,291
CAPE_processed/03394_longlong_rotate_hips.000315,cape,119,291
CAPE_processed/03394_longlong_twist_tilt.000186,cape,119,302
CAPE_processed/03394_longlong_twist_tilt.000391,cape,119,302
CAPE_processed/03394_longlong_walk_march.000127,cape,119,307
CAPE_processed/03394_longlong_walk_march.000210,cape,119,307
CAPE_processed/03394_longshort_ATUsquat.000038,cape,119,310
CAPE_processed/03394_longshort_ATUsquat.000175,cape,119,310
CAPE_processed/03394_longshort_ROM_lower.000075,cape,119,311
CAPE_processed/03394_longshort_ROM_lower.000215,cape,119,311
CAPE_processed/03394_longshort_ROM_lower.000589,cape,119,311
CAPE_processed/03394_longshort_ROM_upper.000042,cape,119,312
CAPE_processed/03394_longshort_ROM_upper.000134,cape,119,312
CAPE_processed/03394_longshort_ROM_upper.000644,cape,119,312
CAPE_processed/03394_longshort_ROM_upper.000696,cape,119,312
CAPE_processed/03394_longshort_move_arms.000229,cape,119,320
CAPE_processed/03394_longshort_move_shoulders.000013,cape,119,321
CAPE_processed/03394_longshort_rotate_hips.000027,cape,119,324
CAPE_processed/03394_longshort_rotate_hips.000156,cape,119,324
CAPE_processed/03394_longshort_rotate_hips.000262,cape,119,324
CAPE_processed/03394_longshort_twist_tilt.000020,cape,119,330
CAPE_processed/03394_longshort_twist_tilt.000204,cape,119,330
CAPE_processed/03394_longshort_twist_tilt.000427,cape,119,330
